-- PERSONAS

insert into Personas (id_Persona, Nombre, Apellido, Cedula, Fecha_Nac, Ruta_Imagen) values (1, 'Morganica', 'Lawty', 'V12649473', '2022-4-14', null);
insert into Personas (id_Persona, Nombre, Apellido, Cedula, Fecha_Nac, Ruta_Imagen) values (2, 'Edythe', 'Rigney', 'V13415496', '2022-1-16', null);
insert into Personas (id_Persona, Nombre, Apellido, Cedula, Fecha_Nac, Ruta_Imagen) values (3, 'Berne', 'Pavlenkov', 'V84769533', '2022-8-9', null);
insert into Personas (id_Persona, Nombre, Apellido, Cedula, Fecha_Nac, Ruta_Imagen) values (4, 'Tull', 'Monget', 'V55945231', '2022-5-9', null);
insert into Personas (id_Persona, Nombre, Apellido, Cedula, Fecha_Nac, Ruta_Imagen) values (5, 'Hobie', 'Barthelet', 'V08851411', '2022-4-21', null);
insert into Personas (id_Persona, Nombre, Apellido, Cedula, Fecha_Nac, Ruta_Imagen) values (6, 'Allin', 'Molineaux', 'V96647829', '2022-1-17', null);
insert into Personas (id_Persona, Nombre, Apellido, Cedula, Fecha_Nac, Ruta_Imagen) values (7, 'Terri', 'Fist', 'V93909125', '2022-10-18', null);
insert into Personas (id_Persona, Nombre, Apellido, Cedula, Fecha_Nac, Ruta_Imagen) values (8, 'Ramsay', 'Roussel', 'V69823294', '2022-7-21', null);
insert into Personas (id_Persona, Nombre, Apellido, Cedula, Fecha_Nac, Ruta_Imagen) values (9, 'Frannie', 'Pirkis', 'V10113385', '2022-8-6', null);
insert into Personas (id_Persona, Nombre, Apellido, Cedula, Fecha_Nac, Ruta_Imagen) values (10, 'Evaleen', 'Bindley', 'V32896787', '2022-4-6', null);
insert into Personas (id_Persona, Nombre, Apellido, Cedula, Fecha_Nac, Ruta_Imagen) values (11, 'Reinaldos', 'Brabham', 'V35029573', '2022-9-1', null);
insert into Personas (id_Persona, Nombre, Apellido, Cedula, Fecha_Nac, Ruta_Imagen) values (12, 'Arny', 'Liverseege', 'V66509818', '2022-1-1', null);
insert into Personas (id_Persona, Nombre, Apellido, Cedula, Fecha_Nac, Ruta_Imagen) values (13, 'Cal', 'Vedyashkin', 'V66298340', '2021-12-7', null);
insert into Personas (id_Persona, Nombre, Apellido, Cedula, Fecha_Nac, Ruta_Imagen) values (14, 'Ralf', 'Barnwall', 'V50950642', '2022-10-7', null);
insert into Personas (id_Persona, Nombre, Apellido, Cedula, Fecha_Nac, Ruta_Imagen) values (15, 'Rebekkah', 'Jaycock', 'V12716584', '2022-10-18', null);
insert into Personas (id_Persona, Nombre, Apellido, Cedula, Fecha_Nac, Ruta_Imagen) values (16, 'Samara', 'Sandy', 'V90653986', '2022-2-4', null);
insert into Personas (id_Persona, Nombre, Apellido, Cedula, Fecha_Nac, Ruta_Imagen) values (17, 'Amy', 'Overnell', 'V70018820', '2022-3-2', null);
insert into Personas (id_Persona, Nombre, Apellido, Cedula, Fecha_Nac, Ruta_Imagen) values (18, 'Emiline', 'Conring', 'V58352407', '2021-11-28', null);
insert into Personas (id_Persona, Nombre, Apellido, Cedula, Fecha_Nac, Ruta_Imagen) values (19, 'Gabbie', 'Duffan', 'V48483148', '2022-8-15', null);
insert into Personas (id_Persona, Nombre, Apellido, Cedula, Fecha_Nac, Ruta_Imagen) values (20, 'Marcelle', 'Sword', 'V31338339', '2022-3-4', null);


-- EMPLEADOS

insert into empleados (id_Empleado, Profesion, Tipo_Cargo, Tiempo_Nomina, id_Personas) values (1, 'Associate Professor', 'Media Manager III', 85, 1);
insert into empleados (id_Empleado, Profesion, Tipo_Cargo, Tiempo_Nomina, id_Personas) values (2, 'Business Systems Development Analyst', 'Environmental Specialist', 24, 2);
insert into empleados (id_Empleado, Profesion, Tipo_Cargo, Tiempo_Nomina, id_Personas) values (3, 'Safety Technician I', 'Quality Control Specialist', 63, 3);
insert into empleados (id_Empleado, Profesion, Tipo_Cargo, Tiempo_Nomina, id_Personas) values (4, 'Marketing Assistant', 'Help Desk Operator', 51, 4);
insert into empleados (id_Empleado, Profesion, Tipo_Cargo, Tiempo_Nomina, id_Personas) values (5, 'Financial Analyst', 'Research Nurse', 68, 5);
insert into empleados (id_Empleado, Profesion, Tipo_Cargo, Tiempo_Nomina, id_Personas) values (6, 'Administrative Assistant II', 'Dental Hygienist', 84, 6);
insert into empleados (id_Empleado, Profesion, Tipo_Cargo, Tiempo_Nomina, id_Personas) values (7, 'Assistant Professor', 'Data Coordiator', 85, 7);
insert into empleados (id_Empleado, Profesion, Tipo_Cargo, Tiempo_Nomina, id_Personas) values (8, 'Senior Cost Accountant', 'Database Administrator I', 83, 8);
insert into empleados (id_Empleado, Profesion, Tipo_Cargo, Tiempo_Nomina, id_Personas) values (9, 'Assistant Professor', 'Social Worker', 87, 9);
insert into empleados (id_Empleado, Profesion, Tipo_Cargo, Tiempo_Nomina, id_Personas) values (10, 'Product Engineer', 'Account Executive', 70, 10);
insert into empleados (id_Empleado, Profesion, Tipo_Cargo, Tiempo_Nomina, id_Personas) values (11, 'Nuclear Power Engineer', 'Human Resources Assistant II', 59, 11);
insert into empleados (id_Empleado, Profesion, Tipo_Cargo, Tiempo_Nomina, id_Personas) values (12, 'Assistant Professor', 'Quality Engineer', 9, 12);
insert into empleados (id_Empleado, Profesion, Tipo_Cargo, Tiempo_Nomina, id_Personas) values (13, 'Geologist I', 'Chemical Engineer', 25, 13);
insert into empleados (id_Empleado, Profesion, Tipo_Cargo, Tiempo_Nomina, id_Personas) values (14, 'Data Coordiator', 'Senior Cost Accountant', 65, 14);
insert into empleados (id_Empleado, Profesion, Tipo_Cargo, Tiempo_Nomina, id_Personas) values (15, 'General Manager', 'Internal Auditor', 8, 15);
insert into empleados (id_Empleado, Profesion, Tipo_Cargo, Tiempo_Nomina, id_Personas) values (16, 'Social Worker', 'Media Manager II', 67, 16);
insert into empleados (id_Empleado, Profesion, Tipo_Cargo, Tiempo_Nomina, id_Personas) values (17, 'General Manager', 'Director of Sales', 60, 17);
insert into empleados (id_Empleado, Profesion, Tipo_Cargo, Tiempo_Nomina, id_Personas) values (18, 'Human Resources Manager', 'Product Engineer', 95, 18);
insert into empleados (id_Empleado, Profesion, Tipo_Cargo, Tiempo_Nomina, id_Personas) values (19, 'Internal Auditor', 'Media Manager I', 47, 19);
insert into empleados (id_Empleado, Profesion, Tipo_Cargo, Tiempo_Nomina, id_Personas) values (20, 'Associate Professor', 'Software Consultant', 8, 20);

-- CONTACTOS

insert into contactos (id_Contacto, Correo, Direccion, id_Personas) values (1, 'aslinn0@paginegialle.it', '9 Everett Center', 1);
insert into contactos (id_Contacto, Correo, Direccion, id_Personas) values (2, 'athain1@nifty.com', '3782 Riverside Center', 2);
insert into contactos (id_Contacto, Correo, Direccion, id_Personas) values (3, 'shandrahan2@parallels.com', '5706 Blaine Trail', 3);
insert into contactos (id_Contacto, Correo, Direccion, id_Personas) values (4, 'nfranzke3@diigo.com', '0 Anniversary Parkway', 4);
insert into contactos (id_Contacto, Correo, Direccion, id_Personas) values (5, 'cpeddowe4@marriott.com', '22580 Nevada Avenue', 5);
insert into contactos (id_Contacto, Correo, Direccion, id_Personas) values (6, 'kmoxham5@umich.edu', '73486 Mayfield Park', 6);
insert into contactos (id_Contacto, Correo, Direccion, id_Personas) values (7, 'ldevuyst6@nih.gov', '3 Sachs Center', 7);
insert into contactos (id_Contacto, Correo, Direccion, id_Personas) values (8, 'vnafzger7@symantec.com', '033 Hanson Pass', 8);
insert into contactos (id_Contacto, Correo, Direccion, id_Personas) values (9, 'lteodorski8@jimdo.com', '8502 Wayridge Circle', 9);
insert into contactos (id_Contacto, Correo, Direccion, id_Personas) values (10, 'rfeye9@japanpost.jp', '778 American Point', 10);
insert into contactos (id_Contacto, Correo, Direccion, id_Personas) values (11, 'mpotzolda@webs.com', '16853 Mallard Crossing', 11);
insert into contactos (id_Contacto, Correo, Direccion, id_Personas) values (12, 'rlaitb@spiegel.de', '926 Sherman Lane', 12);
insert into contactos (id_Contacto, Correo, Direccion, id_Personas) values (13, 'mcristofaroc@mapquest.com', '568 Commercial Parkway', 13);
insert into contactos (id_Contacto, Correo, Direccion, id_Personas) values (14, 'hlinchd@google.com', '1 Northland Alley', 14);
insert into contactos (id_Contacto, Correo, Direccion, id_Personas) values (15, 'jjoynsone@godaddy.com', '65 Spaight Drive', 15);
insert into contactos (id_Contacto, Correo, Direccion, id_Personas) values (16, 'awickesf@yahoo.co.jp', '879 Dexter Center', 16);
insert into contactos (id_Contacto, Correo, Direccion, id_Personas) values (17, 'vbeninig@phoca.cz', '0402 Eggendart Plaza', 17);
insert into contactos (id_Contacto, Correo, Direccion, id_Personas) values (18, 'nloughanh@jimdo.com', '3747 Sullivan Parkway', 18);
insert into contactos (id_Contacto, Correo, Direccion, id_Personas) values (19, 'mbelfitti@g.co', '733 Pleasure Place', 19);
insert into contactos (id_Contacto, Correo, Direccion, id_Personas) values (20, 'ktothacotj@indiatimes.com', '6 Ilene Drive', 20);